company,category,date
(주)파이오링크,Git,25/11/19
(주)파이오링크,Kubernetes,25/11/19
(주)파이오링크,GoLang,25/11/19
(주)파이오링크,클라우드,25/11/19
(주)파이오링크,Linux,25/11/19
(주)솔로몬텍,SI개발,25/11/12
(주)솔로몬텍,DevOps,25/11/12
(주)솔로몬텍,AWS,25/11/12
(주)솔로몬텍,클라우드,25/11/12
(주)솔로몬텍,인프라,25/11/12
(주)파이오링크,Git,25/11/17
(주)파이오링크,Kubernetes,25/11/17
(주)파이오링크,GoLang,25/11/17
(주)파이오링크,클라우드,25/11/17
(주)파이오링크,Linux,25/11/17
(주)파이오링크,Git,25/12/03
(주)파이오링크,Kubernetes,25/12/03
(주)파이오링크,GoLang,25/12/03
(주)파이오링크,Linux,25/12/03
(주)파이오링크,Jenkins,25/12/03
(주)파이오링크,Git,25/12/03
(주)파이오링크,Kubernetes,25/12/03
(주)파이오링크,GoLang,25/12/03
(주)파이오링크,Linux,25/12/03
(주)파이오링크,Jenkins,25/12/03
(주)지오다노,AWS,25/12/04
(주)지오다노,클라우드,25/12/04
(주)지오다노,네트워크,25/12/04
(주)지오다노,패션,25/12/04
(주)메디트,보안관제,25/12/05
(주)메디트,DevOps,25/12/05
(주)메디트,AWS,25/12/05
(주)메디트,Docker,25/12/05
(주)메디트,SpringBoot,25/12/05
(주)숲,유지보수,25/11/28
(주)숲,아키텍쳐,25/11/28
(주)숲,Python,25/11/28
(주)숲,정보통신,25/11/28
(주)숲,취약점진단,25/11/28
(주)클라우드네트웍스,유지보수,25/11/26
(주)클라우드네트웍스,SpringBoot,25/11/26
(주)클라우드네트웍스,Python,25/11/26
(주)클라우드네트웍스,정보통신,25/11/26
(주)클라우드네트웍스,VMware,25/11/26
(주)이파피루스,유지보수,25/11/27
(주)이파피루스,Spring,25/11/27
(주)이파피루스,PostgreSQL,25/11/27
(주)이파피루스,SpringBoot,25/11/27
(주)이파피루스,Ajax,25/11/27
(주)이파피루스,AI(인공지능),25/11/17
(주)이파피루스,PostgreSQL,25/11/17
(주)이파피루스,RestAPI,25/11/17
(주)이파피루스,Python,25/11/17
(주)이파피루스,정보통신,25/11/17
(주)이파피루스,유지보수,25/11/17
(주)이파피루스,Spring,25/11/17
(주)이파피루스,PostgreSQL,25/11/17
(주)이파피루스,SpringBoot,25/11/17
(주)이파피루스,Ajax,25/11/17
(주)데이타솔루션,유지보수,25/11/19
(주)데이타솔루션,SQL,25/11/19
(주)데이타솔루션,Python,25/11/19
(주)데이타솔루션,VDI,25/11/19
(주)데이타솔루션,VMware,25/11/19
(주)비즈테크아이,클라우드,25/12/01
(주)비즈테크아이,인프라,25/12/01
(주)비즈테크아이,SI·시스템통합,25/12/01
오케스트로(주),SE(시스템엔지니어),25/11/16
오케스트로(주),Kubernetes,25/11/16
오케스트로(주),DevOps,25/11/16
오케스트로(주),Jenkins,25/11/16
오케스트로(주),Python,25/11/16
(주)하이브랩,DevOps,25/12/03
(주)하이브랩,AWS,25/12/03
(주)하이브랩,Java,25/12/03
(주)하이브랩,Javascript,25/12/03
(주)하이브랩,Spring,25/12/03
(주)이노그리드,IaaS,25/12/02
(주)이노그리드,SE(시스템엔지니어),25/12/02
(주)이노그리드,클라우드,25/12/02
(주)이노그리드,네트워크,25/12/02
(주)이노그리드,인프라,25/12/02
(주)이노그리드,IaaS,25/12/02
(주)이노그리드,SE(시스템엔지니어),25/12/02
(주)이노그리드,클라우드,25/12/02
(주)이노그리드,네트워크,25/12/02
(주)이노그리드,인프라,25/12/02
(주)이노그리드,IaaS,25/12/02
(주)이노그리드,SE(시스템엔지니어),25/12/02
(주)이노그리드,클라우드,25/12/02
(주)이노그리드,네트워크,25/12/02
(주)이노그리드,인프라,25/12/02
롯데쇼핑(주)e커머스사업본부,DevOps,25/11/27
롯데쇼핑(주)e커머스사업본부,오픈마켓,25/11/27
(주)진인프라,유지보수,25/11/21
(주)진인프라,PaaS,25/11/21
(주)진인프라,DevOps,25/11/21
(주)진인프라,클라우드,25/11/21
(주)진인프라,네트워크,25/11/21
(주)애드포러스,유지보수,25/11/25
(주)애드포러스,암호화폐,25/11/25
(주)애드포러스,취약점진단,25/11/25
(주)애드포러스,쉘스크립트,25/11/25
(주)애드포러스,모의해킹,25/11/25
(주)이노그리드,IaaS,25/12/02
(주)이노그리드,SE(시스템엔지니어),25/12/02
(주)이노그리드,클라우드,25/12/02
(주)이노그리드,네트워크,25/12/02
(주)이노그리드,인프라,25/12/02
알서포트(주),DevOps,25/12/08
알서포트(주),AWS,25/12/08
알서포트(주),클라우드,25/12/08
알서포트(주),MySQL,25/12/08
알서포트(주),네트워크,25/12/08
(주)케이티클라우드,시공관리자,25/11/03
(주)케이티클라우드,건설관리,25/11/03
(주)케이티클라우드,기술영업,25/11/03
(주)케이티클라우드,전기설계,25/11/03
(주)케이티클라우드,방화벽,25/11/03
(주)수산아이앤티,풀스택,25/11/06
(주)수산아이앤티,MariaDB,25/11/06
(주)수산아이앤티,Python,25/11/06
(주)수산아이앤티,정보통신,25/11/06
(주)수산아이앤티,VPN,25/11/06
(주)이루인포,유지보수,25/12/01
(주)이루인포,Windows,25/12/01
(주)이루인포,VDI,25/12/01
(주)이루인포,H/W,25/12/01
(주)이루인포,VMware,25/12/01
엔에이치엔인재아이엔씨(주),IaaS,25/10/24
엔에이치엔인재아이엔씨(주),PaaS,25/10/24
엔에이치엔인재아이엔씨(주),DevOps,25/10/24
엔에이치엔인재아이엔씨(주),클라우드,25/10/24
엔에이치엔인재아이엔씨(주),Java,25/10/24
메가존클라우드(주),GCP,25/11/18
메가존클라우드(주),보안관제,25/11/18
메가존클라우드(주),DevOps,25/11/18
메가존클라우드(주),AWS,25/11/18
메가존클라우드(주),Azure,25/11/18
메가존클라우드(주),쉘스크립트,25/11/18
메가존클라우드(주),AWS,25/11/18
메가존클라우드(주),클라우드,25/11/18
메가존클라우드(주),Azure,25/11/18
메가존클라우드(주),Java,25/11/18
메가존클라우드(주),보안관제,25/11/05
메가존클라우드(주),DevOps,25/11/05
메가존클라우드(주),클라우드,25/11/05
메가존클라우드(주),정보보안,25/11/05
메가존클라우드(주),솔루션,25/11/05
(주)클루커스,Splunk,25/10/21
(주)클루커스,보안솔루션영업,25/10/21
(주)클루커스,취약점진단,25/10/21
(주)클루커스,GCP,25/10/21
(주)클루커스,거래처영업,25/10/21
(주)푸드테크,웹마스터,25/11/17
(주)푸드테크,유지보수,25/11/17
(주)푸드테크,파워빌더,25/11/17
(주)푸드테크,포스터,25/11/17
(주)푸드테크,Apache,25/11/17
칵테일아이오(주),GCP,25/11/28
칵테일아이오(주),Kubernetes,25/11/28
칵테일아이오(주),AWS,25/11/28
칵테일아이오(주),클라우드,25/11/28
칵테일아이오(주),Azure,25/11/28
디딤365(주),유지보수,25/11/05
디딤365(주),SpringBoot,25/11/05
디딤365(주),SQL,25/11/05
디딤365(주),UTM,25/11/05
디딤365(주),정보통신,25/11/05
그로윈(주),유지보수,25/10/13
그로윈(주),PostgreSQL,25/10/13
그로윈(주),MariaDB,25/10/13
그로윈(주),VDI,25/10/13
그로윈(주),SE(시스템엔지니어),25/10/13
(주)카카오,AI(인공지능),25/12/04
(주)카카오,NLP(자연어처리),25/12/04
(주)카카오,AIX,25/12/04
(주)카카오,PostgreSQL,25/12/04
(주)카카오,NLU(자연어이해),25/12/04
(주)숲,유지보수,25/11/28
(주)숲,아키텍쳐,25/11/28
(주)숲,Python,25/11/28
(주)숲,정보통신,25/11/28
(주)숲,취약점진단,25/11/28
(주)야놀자,클라우드,25/11/25
(주)야놀자,AI(인공지능),25/11/25
(주)야놀자,컨텐츠제공,25/11/25
(주)디윅스,아키텍쳐,25/12/04
(주)디윅스,Python,25/12/04
(주)디윅스,Pytorch,25/12/04
(주)디윅스,API,25/12/04
(주)디윅스,모델링,25/12/04
엔쓰리엔(주),클라우드,25/11/21
엔쓰리엔(주),네트워크,25/11/21
엔쓰리엔(주),인프라,25/11/21
엔쓰리엔(주),솔루션업체,25/11/21
(주)인피아드,아키텍쳐,25/11/27
(주)인피아드,Spring,25/11/27
(주)인피아드,SpringBoot,25/11/27
(주)인피아드,SQL,25/11/27
(주)인피아드,MariaDB,25/11/27
(주)인피아드,유지보수,25/12/03
(주)인피아드,Spring,25/12/03
(주)인피아드,SpringBoot,25/12/03
(주)인피아드,SQL,25/12/03
(주)인피아드,Android,25/12/03
(주)엑심베이,SE(시스템엔지니어),25/12/10
(주)엑심베이,DevOps,25/12/10
(주)엑심베이,인프라,25/12/10
(주)엑심베이,금융기관,25/12/10
(주)엑심베이,SE(시스템엔지니어),25/12/10
(주)엑심베이,DevOps,25/12/10
(주)엑심베이,인프라,25/12/10
(주)엑심베이,금융기관,25/12/10
(주)엑심베이,SE(시스템엔지니어),25/12/10
(주)엑심베이,DevOps,25/12/10
(주)엑심베이,인프라,25/12/10
(주)엑심베이,금융기관,25/12/10
(주)윈스테크넷,SE(시스템엔지니어),25/11/13
(주)윈스테크넷,DevOps,25/11/13
(주)윈스테크넷,네트워크,25/11/13
(주)윈스테크넷,인프라,25/11/13
(주)윈스테크넷,솔루션업체,25/11/13
홈플러스(주),SE(시스템엔지니어),25/12/03
홈플러스(주),DevOps,25/12/03
홈플러스(주),홈플러스,25/12/03
(주)윈스테크넷,SE(시스템엔지니어),25/11/13
(주)윈스테크넷,DevOps,25/11/13
(주)윈스테크넷,네트워크,25/11/13
(주)윈스테크넷,인프라,25/11/13
(주)윈스테크넷,솔루션업체,25/11/13
(주)윈스테크넷,SE(시스템엔지니어),25/11/13
(주)윈스테크넷,DevOps,25/11/13
(주)윈스테크넷,네트워크,25/11/13
(주)윈스테크넷,인프라,25/11/13
(주)윈스테크넷,솔루션업체,25/11/13
오케스트로(주),유지보수,25/11/22
오케스트로(주),Kubernetes,25/11/22
오케스트로(주),DevOps,25/11/22
오케스트로(주),Linux,25/11/22
오케스트로(주),기술지원,25/11/22
(주)코너스톤42,RFP(제안요청서),25/11/11
(주)코너스톤42,AWS,25/11/11
(주)코너스톤42,클라우드,25/11/11
(주)코너스톤42,조직관리,25/11/11
(주)코너스톤42,소프트웨어개발,25/11/11
(주)단비교육,DevOps,25/12/05
(주)단비교육,출판사,25/12/05
(주)다날핀테크,암호화폐,25/11/21
(주)다날핀테크,핀테크,25/11/21
(주)다날핀테크,API,25/11/21
(주)다날핀테크,Git,25/11/21
(주)다날핀테크,DevOps,25/11/21
(주)이노그리드,Python,25/12/09
(주)이노그리드,RDBMS,25/12/09
(주)이노그리드,VMware,25/12/09
(주)이노그리드,IaaS,25/12/09
(주)이노그리드,PaaS,25/12/09
(주)이노그리드,Python,25/12/09
(주)이노그리드,RDBMS,25/12/09
(주)이노그리드,VMware,25/12/09
(주)이노그리드,IaaS,25/12/09
(주)이노그리드,PaaS,25/12/09
(주)이노그리드,IaaS,25/12/02
(주)이노그리드,SE(시스템엔지니어),25/12/02
(주)이노그리드,클라우드,25/12/02
(주)이노그리드,네트워크,25/12/02
(주)이노그리드,인프라,25/12/02
(주)이노그리드,Python,25/12/09
(주)이노그리드,RDBMS,25/12/09
(주)이노그리드,VMware,25/12/09
(주)이노그리드,IaaS,25/12/09
(주)이노그리드,PaaS,25/12/09
(주)이노그리드,IaaS,25/12/02
(주)이노그리드,SE(시스템엔지니어),25/12/02
(주)이노그리드,클라우드,25/12/02
(주)이노그리드,네트워크,25/12/02
(주)이노그리드,인프라,25/12/02
삼양데이타시스템(주),DevOps,25/12/02
삼양데이타시스템(주),AWS,25/12/02
삼양데이타시스템(주),클라우드,25/12/02
삼양데이타시스템(주),네트워크보안,25/12/02
(주)키다리스튜디오,아키텍쳐,25/11/20
(주)키다리스튜디오,GCP,25/11/20
(주)키다리스튜디오,보안관제,25/11/20
(주)키다리스튜디오,DBMS,25/11/20
(주)키다리스튜디오,DevOps,25/11/20
(주)오픈소스컨설팅,SE(시스템엔지니어),25/12/06
(주)오픈소스컨설팅,Git,25/12/06
(주)오픈소스컨설팅,DevOps,25/12/06
(주)오픈소스컨설팅,인프라,25/12/06
(주)오픈소스컨설팅,소프트웨어개발,25/12/06
(주)알체라,GCP,25/11/13
(주)알체라,Kubernetes,25/11/13
(주)알체라,DevOps,25/11/13
(주)알체라,ISMS,25/11/13
(주)알체라,AWS,25/11/13
헬스커넥트(주),Kubernetes,25/11/27
헬스커넥트(주),DevOps,25/11/27
헬스커넥트(주),AWS,25/11/27
헬스커넥트(주),클라우드,25/11/27
헬스커넥트(주),Azure,25/11/27
지엔터프라이즈(주),DevOps,25/11/13
지엔터프라이즈(주),AWS,25/11/13
지엔터프라이즈(주),클라우드,25/11/13
지엔터프라이즈(주),Docker,25/11/13
지엔터프라이즈(주),인프라,25/11/13
(주)이즈파크,DevOps,25/12/08
(주)이즈파크,MySQL,25/12/08
(주)이즈파크,Spring,25/12/08
(주)이즈파크,백엔드/서버개발,25/12/08
(주)이즈파크,RestAPI,25/12/08
(주)락플레이스,유지보수,25/12/09
(주)락플레이스,H/W,25/12/09
(주)락플레이스,VMware,25/12/09
(주)락플레이스,IDC,25/12/09
(주)락플레이스,SE(시스템엔지니어),25/12/09
(주)누리인포스,SE(시스템엔지니어),25/11/28
(주)누리인포스,DevOps,25/11/28
(주)누리인포스,Linux,25/11/28
(주)누리인포스,인프라,25/11/28
(주)누리인포스,Windows,25/11/28
(주)누리인포스,SE(시스템엔지니어),25/11/28
(주)누리인포스,DevOps,25/11/28
(주)누리인포스,Linux,25/11/28
(주)누리인포스,인프라,25/11/28
(주)누리인포스,Windows,25/11/28
(주)플래티어,DevOps,25/12/03
(주)플래티어,소프트웨어개발,25/12/03
(주)씨알에스큐브,DevOps,25/12/01
(주)씨알에스큐브,소프트웨어개발,25/12/01
(주)오버데어코리아,Kubernetes,25/11/26
(주)오버데어코리아,DevOps,25/11/26
(주)오버데어코리아,백엔드/서버개발,25/11/26
(주)오버데어코리아,게임개발,25/11/26
(주)이빗,QA/테스터,25/12/08
(주)이빗,유지보수,25/12/08
(주)이빗,Python,25/12/08
(주)이빗,쉘스크립트,25/12/08
(주)이빗,SE(시스템엔지니어),25/12/08
(주)로민,DevOps,25/12/01
(주)로민,백엔드/서버개발,25/12/01
(주)로민,소프트웨어개발,25/12/01
(주)잉클,쉘스크립트,25/11/18
(주)잉클,Kubernetes,25/11/18
(주)잉클,DevOps,25/11/18
(주)잉클,Docker,25/11/18
(주)잉클,빅데이터,25/11/18
(주)웰데이타시스템,풀스택,25/11/25
(주)웰데이타시스템,AI(인공지능),25/11/25
(주)웰데이타시스템,Windows,25/11/25
(주)웰데이타시스템,VDI,25/11/25
(주)웰데이타시스템,H/W,25/11/25
솔트웨어(주),AWS,25/11/21
솔트웨어(주),마케팅기획,25/11/21
솔트웨어(주),클라우드,25/11/21
솔트웨어(주),MySQL,25/11/21
솔트웨어(주),시스템영업,25/11/21
(주)테크아이,SE(시스템엔지니어),25/12/10
(주)테크아이,모의해킹,25/12/10
(주)테크아이,보안관제,25/12/10
(주)테크아이,DevOps,25/12/10
(주)테크아이,클라우드,25/12/10
㈜알앤비소프트,유지보수,25/11/24
㈜알앤비소프트,풀스택,25/11/24
㈜알앤비소프트,Spring,25/11/24
㈜알앤비소프트,PostgreSQL,25/11/24
㈜알앤비소프트,SpringBoot,25/11/24
(주)테크아이,SE(시스템엔지니어),25/12/10
(주)테크아이,모의해킹,25/12/10
(주)테크아이,보안관제,25/12/10
(주)테크아이,DevOps,25/12/10
(주)테크아이,클라우드,25/12/10
금호전기㈜,Kotlin,25/10/21
금호전기㈜,클라우드,25/10/21
금호전기㈜,Azure,25/10/21
금호전기㈜,MySQL,25/10/21
금호전기㈜,Node.js,25/10/21
㈜아이엔소프트,Kubernetes,25/12/05
㈜아이엔소프트,DevOps,25/12/05
㈜아이엔소프트,클라우드,25/12/05
㈜아이엔소프트,백엔드/서버개발,25/12/05
㈜아이엔소프트,VDI,25/12/05
메가존클라우드(주),IT영업,25/10/15
메가존클라우드(주),클라우드,25/10/15
메가존클라우드(주),S/W,25/10/15
메가존클라우드(주),거래처관리,25/10/15
메가존클라우드(주),PM(프로젝트매니저),25/10/15
메가존클라우드(주),GCP,25/12/10
메가존클라우드(주),AWS,25/12/10
메가존클라우드(주),클라우드,25/12/10
메가존클라우드(주),Azure,25/12/10
메가존클라우드(주),기술지원,25/12/10
(주)메디트,AWS,25/11/13
(주)메디트,Docker,25/11/13
(주)메디트,SpringBoot,25/11/13
(주)메디트,의료기기,25/11/13
(주)에쓰씨케이,SE(시스템엔지니어),25/11/20
(주)에쓰씨케이,IT·통신기기판매,25/11/20
(주)시스트란,DevOps,25/11/18
(주)시스트란,소프트웨어개발,25/11/18
피아스페이스(주),AI(인공지능),25/12/09
피아스페이스(주),Python,25/12/09
피아스페이스(주),SE(시스템엔지니어),25/12/09
피아스페이스(주),Git,25/12/09
피아스페이스(주),Kubernetes,25/12/09
(주)씨드앤,MongoDB,25/12/05
(주)씨드앤,Kubernetes,25/12/05
(주)씨드앤,DevOps,25/12/05
(주)씨드앤,AWS,25/12/05
(주)씨드앤,클라우드,25/12/05
(주)델레오코리아,Git,25/12/10
(주)델레오코리아,DevOps,25/12/10
(주)델레오코리아,AWS,25/12/10
(주)델레오코리아,Java,25/12/10
(주)델레오코리아,Docker,25/12/10
(주)델레오코리아,SE(시스템엔지니어),25/11/19
(주)델레오코리아,Kubernetes,25/11/19
(주)델레오코리아,DevOps,25/11/19
(주)델레오코리아,AWS,25/11/19
(주)델레오코리아,클라우드,25/11/19
(주)맨텍솔루션,미들웨어,25/12/08
(주)맨텍솔루션,DevOps,25/12/08
(주)맨텍솔루션,클라우드,25/12/08
(주)맨텍솔루션,기술지원,25/12/08
(주)맨텍솔루션,아키텍쳐,25/12/08
(주)위펀,SE(시스템엔지니어),25/12/09
(주)위펀,미들웨어,25/12/09
(주)위펀,DevOps,25/12/09
(주)위펀,DLP,25/12/09
(주)위펀,네트워크,25/12/09
(주)위펀,웹마스터,25/11/21
(주)위펀,유지보수,25/11/21
(주)위펀,풀스택,25/11/21
(주)위펀,Pro-C,25/11/21
(주)위펀,.NET,25/11/21
(주)아이샵케어,옥외광고,25/12/04
(주)아이샵케어,언론홍보,25/12/04
(주)아이샵케어,시장조사,25/12/04
(주)아이샵케어,포스터,25/12/04
(주)아이샵케어,HTML5,25/12/04
(주)엘지경영개발원,GCP,25/11/26
(주)엘지경영개발원,S/W,25/11/26
(주)엘지경영개발원,Git,25/11/26
(주)엘지경영개발원,Kubernetes,25/11/26
(주)엘지경영개발원,AWS,25/11/26
쿠도커뮤니케이션(주),MongoDB,25/12/09
쿠도커뮤니케이션(주),DBMS,25/12/09
쿠도커뮤니케이션(주),MSSQL,25/12/09
쿠도커뮤니케이션(주),Java,25/12/09
쿠도커뮤니케이션(주),MySQL,25/12/09
(주)이파피루스,백엔드/서버개발,25/12/09
(주)이파피루스,소프트웨어개발,25/12/09
(주)투비소프트,백엔드/서버개발,25/11/28
(주)투비소프트,SI·시스템통합,25/11/28
몬드리안에이아이(주),DevOps,25/12/06
몬드리안에이아이(주),소프트웨어개발,25/12/06
와인소프트(주),풀스택,25/10/21
와인소프트(주),인터페이스,25/10/21
와인소프트(주),플러그인,25/10/21
와인소프트(주),API,25/10/21
와인소프트(주),미들웨어,25/10/21
주식회사 인피니티 익스체인지 코리아,DevOps,25/11/24
주식회사 인피니티 익스체인지 코리아,클라우드,25/11/24
주식회사 인피니티 익스체인지 코리아,네트워크,25/11/24
주식회사 인피니티 익스체인지 코리아,Docker,25/11/24
주식회사 인피니티 익스체인지 코리아,인프라,25/11/24
(주)인비전아이티,SE(시스템엔지니어),25/11/05
(주)인비전아이티,PaaS,25/11/05
(주)인비전아이티,DevOps,25/11/05
(주)인비전아이티,클라우드,25/11/05
(주)인비전아이티,네트워크,25/11/05
(주)쓰리뷰,유지보수,25/11/25
(주)쓰리뷰,풀스택,25/11/25
(주)쓰리뷰,PostgreSQL,25/11/25
(주)쓰리뷰,SpringBoot,25/11/25
(주)쓰리뷰,Python,25/11/25
(주)쓰리뷰,유지보수,25/11/17
(주)쓰리뷰,SE(시스템엔지니어),25/11/17
(주)쓰리뷰,React,25/11/17
(주)쓰리뷰,클라이언트,25/11/17
(주)쓰리뷰,DevOps,25/11/17
(주)연합인포맥스,딥러닝,25/12/03
(주)연합인포맥스,머신러닝,25/12/03
(주)연합인포맥스,AI(인공지능),25/12/03
(주)연합인포맥스,언론사,25/12/03
(주)연합인포맥스,딥러닝,25/12/03
(주)연합인포맥스,머신러닝,25/12/03
(주)연합인포맥스,AI(인공지능),25/12/03
(주)연합인포맥스,언론사,25/12/03
(주)연합인포맥스,딥러닝,25/12/03
(주)연합인포맥스,머신러닝,25/12/03
(주)연합인포맥스,AI(인공지능),25/12/03
(주)연합인포맥스,언론사,25/12/03
(주)이테크시스템,IDC,25/12/08
(주)이테크시스템,유지보수,25/12/08
(주)이테크시스템,SE(시스템엔지니어),25/12/08
(주)이테크시스템,네트워크,25/12/08
(주)이테크시스템,인프라,25/12/08
주식회사핀즐,GCP,25/12/01
주식회사핀즐,ISMS,25/12/01
주식회사핀즐,클라우드,25/12/01
주식회사핀즐,소프트웨어개발,25/12/01
FCG,유지보수,25/11/27
FCG,풀스택,25/11/27
FCG,헬스케어,25/11/27
FCG,정보통신,25/11/27
FCG,Apache,25/11/27
주식회사핀즐,GCP,25/12/01
주식회사핀즐,ISMS,25/12/01
주식회사핀즐,클라우드,25/12/01
주식회사핀즐,소프트웨어개발,25/12/01
주식회사핀즐,GCP,25/12/01
주식회사핀즐,ISMS,25/12/01
주식회사핀즐,클라우드,25/12/01
주식회사핀즐,소프트웨어개발,25/12/01
(주)소프트넷,DevOps,25/11/19
(주)소프트넷,소프트웨어개발,25/11/19
에스넷아이씨티(주),IaaS,25/11/18
에스넷아이씨티(주),SE(시스템엔지니어),25/11/18
에스넷아이씨티(주),알고리즘,25/11/18
에스넷아이씨티(주),GCP,25/11/18
에스넷아이씨티(주),PaaS,25/11/18
(주)아이리스브라이트,DevOps,25/11/24
(주)아이리스브라이트,ERP,25/11/24
(주)아이리스브라이트,ABAP,25/11/24
(주)아이리스브라이트,뷰티,25/11/24
(주)소프트넷,DevOps,25/11/19
(주)소프트넷,소프트웨어개발,25/11/19
매드업,SE(시스템엔지니어),25/12/01
매드업,DevOps,25/12/01
매드업,AWS,25/12/01
매드업,클라우드,25/12/01
매드업,인프라,25/12/01
(주)아이리스브라이트,DevOps,25/11/28
(주)아이리스브라이트,SAP,25/11/28
(주)아이리스브라이트,Node.js,25/11/28
(주)아이리스브라이트,RestAPI,25/11/28
(주)아이리스브라이트,API,25/11/28
(주)소프트넷,DevOps,25/11/19
(주)소프트넷,소프트웨어개발,25/11/19
칵테일아이오(주),SE(시스템엔지니어),25/11/27
칵테일아이오(주),Kubernetes,25/11/27
칵테일아이오(주),DevOps,25/11/27
칵테일아이오(주),클라우드,25/11/27
칵테일아이오(주),네트워크,25/11/27
(주)필라넷,SE(시스템엔지니어),25/11/30
(주)필라넷,클라우드,25/11/30
(주)필라넷,Azure,25/11/30
(주)필라넷,네트워크,25/11/30
(주)필라넷,인프라,25/11/30
(주)플래티어,유지보수,25/11/29
(주)플래티어,SAP,25/11/29
(주)플래티어,API,25/11/29
(주)플래티어,소프트웨어개발,25/11/29
(주)포니링크,웹마스터,25/12/08
(주)포니링크,React,25/12/08
(주)포니링크,Java,25/12/08
(주)포니링크,Javascript,25/12/08
(주)포니링크,TypeScript,25/12/08
(주)비이랩,유지보수,25/12/05
(주)비이랩,SaaS,25/12/05
(주)비이랩,Apache,25/12/05
(주)비이랩,IaaS,25/12/05
(주)비이랩,SE(시스템엔지니어),25/12/05
(주)인피아드,유지보수,25/12/05
(주)인피아드,Spring,25/12/05
(주)인피아드,SpringBoot,25/12/05
(주)인피아드,Ajax,25/12/05
(주)인피아드,SQL,25/12/05
(주)엘핀,MariaDB,25/11/22
(주)엘핀,HTML5,25/11/22
(주)엘핀,React,25/11/22
(주)엘핀,React-Native,25/11/22
(주)엘핀,클라우드,25/11/22
이에이트(주),유지보수,25/11/24
이에이트(주),시장조사,25/11/24
이에이트(주),모델링,25/11/24
이에이트(주),IaaS,25/11/24
이에이트(주),연결회계,25/11/24
(주)헤리트,React,25/12/05
(주)헤리트,React-Native,25/12/05
(주)헤리트,Vue.js,25/12/05
(주)헤리트,TypeScript,25/12/05
(주)헤리트,프론트엔드,25/12/05
메가존클라우드(주),개발PM,25/11/18
메가존클라우드(주),솔루션,25/11/18
메가존클라우드(주),솔루션기술영업,25/11/18
메가존클라우드(주),소프트웨어개발,25/11/18
트리노드 주식회사,GCP,25/11/03
트리노드 주식회사,AWS,25/11/03
트리노드 주식회사,GraphQL,25/11/03
트리노드 주식회사,Docker,25/11/03
트리노드 주식회사,Node.js,25/11/03
(주)오픈베이스,SE(시스템엔지니어),25/11/24
(주)오픈베이스,방화벽,25/11/24
(주)오픈베이스,네트워크,25/11/24
(주)오픈베이스,정보보안,25/11/24
(주)오픈베이스,보안컨설팅,25/11/24
(주)스탠스,풀스택,25/11/27
(주)스탠스,HTTP,25/11/27
(주)스탠스,MariaDB,25/11/27
(주)스탠스,H/W,25/11/27
(주)스탠스,MongoDB,25/11/27
(주)폴라리스쓰리디,Kubernetes,25/12/02
(주)폴라리스쓰리디,DevOps,25/12/02
(주)폴라리스쓰리디,Linux,25/12/02
(주)폴라리스쓰리디,Docker,25/12/02
(주)폴라리스쓰리디,Jenkins,25/12/02
(주)폴라리스쓰리디,Kubernetes,25/12/02
(주)폴라리스쓰리디,DevOps,25/12/02
(주)폴라리스쓰리디,Linux,25/12/02
(주)폴라리스쓰리디,Docker,25/12/02
(주)폴라리스쓰리디,Jenkins,25/12/02
한국앤컴퍼니(주),클라우드,25/11/27
한국앤컴퍼니(주),프론트엔드,25/11/27
한국앤컴퍼니(주),비금융지주회사,25/11/27
넛지헬스케어(주),웹마스터,25/12/04
넛지헬스케어(주),Spring,25/12/04
넛지헬스케어(주),API,25/12/04
넛지헬스케어(주),Git,25/12/04
넛지헬스케어(주),React,25/12/04
(주)케이티,유지보수,25/09/26
(주)케이티,사업관리,25/09/26
(주)케이티,H/W,25/09/26
(주)케이티,CAD,25/09/26
(주)케이티,총무,25/09/26
(주)피맥스,DevOps,25/11/07
(주)피맥스,백엔드/서버개발,25/11/07
(주)피맥스,소프트웨어개발,25/11/07
(주)라텔앤드파트너즈,DevOps,25/11/24
(주)라텔앤드파트너즈,AWS,25/11/24
(주)라텔앤드파트너즈,Linux,25/11/24
(주)라텔앤드파트너즈,Tomcat,25/11/24
(주)라텔앤드파트너즈,Docker,25/11/24
(주)아이브,SE(시스템엔지니어),25/11/27
(주)아이브,DevOps,25/11/27
(주)아이브,인프라,25/11/27
(주)아이브,소프트웨어개발,25/11/27
굿어스데이터(주),유지보수,25/12/10
굿어스데이터(주),AI(인공지능),25/12/10
굿어스데이터(주),Windows,25/12/10
굿어스데이터(주),정보통신,25/12/10
굿어스데이터(주),OracleDB,25/12/10
(주)경일게임아이티아카데미,유지보수,25/11/25
(주)경일게임아이티아카데미,풀스택,25/11/25
(주)경일게임아이티아카데미,ABAP,25/11/25
(주)경일게임아이티아카데미,Ajax,25/11/25
(주)경일게임아이티아카데미,FPGA,25/11/25
한솔PNS(주) 아이티서비스부문,ICT컨설팅,25/10/27
한솔PNS(주) 아이티서비스부문,빅데이터,25/10/27
한솔PNS(주) 아이티서비스부문,데이터마이닝,25/10/27
한솔PNS(주) 아이티서비스부문,웹개발,25/10/27
한솔PNS(주) 아이티서비스부문,IT컨설팅,25/10/27
(주)한국네트웍스,S/W,25/12/05
(주)한국네트웍스,React,25/12/05
(주)한국네트웍스,AWS,25/12/05
(주)한국네트웍스,Docker,25/12/05
(주)한국네트웍스,프론트엔드,25/12/05
주식회사슈튜(SyuTyu),풀스택,25/11/25
주식회사슈튜(SyuTyu),PostgreSQL,25/11/25
주식회사슈튜(SyuTyu),SQL,25/11/25
주식회사슈튜(SyuTyu),MariaDB,25/11/25
주식회사슈튜(SyuTyu),MongoDB,25/11/25
암독스코리아 유한회사,QA/테스터,25/11/24
암독스코리아 유한회사,Kubernetes,25/11/24
암독스코리아 유한회사,DevOps,25/11/24
암독스코리아 유한회사,클라우드,25/11/24
암독스코리아 유한회사,네트워크,25/11/24
미스터마인드(주),풀스택,25/12/08
미스터마인드(주),Spring,25/12/08
미스터마인드(주),.NET,25/12/08
미스터마인드(주),MongoDB,25/12/08
미스터마인드(주),Kubernetes,25/12/08
엔시큐어(주),유지보수,25/11/19
엔시큐어(주),API,25/11/19
엔시큐어(주),H/W,25/11/19
엔시큐어(주),S/W,25/11/19
엔시큐어(주),AWS,25/11/19
(주)아이브,SE(시스템엔지니어),25/11/14
(주)아이브,DevOps,25/11/14
(주)아이브,인프라,25/11/14
(주)아이브,소프트웨어개발,25/11/14
(주)우리아이티,유지보수,25/10/27
(주)우리아이티,기술지원,25/10/27
(주)우리아이티,정보통신,25/10/27
(주)우리아이티,IT컨설팅,25/10/27
(주)우리아이티,유지보수,25/10/27
(주)아이리스브라이트,SAP,25/11/24
(주)아이리스브라이트,ERP,25/11/24
(주)아이리스브라이트,뷰티,25/11/24
(주)씨메스,AI(인공지능),25/11/28
스푼랩스,Kotlin,25/12/01
스푼랩스,S/W,25/12/01
스푼랩스,Kubernetes,25/12/01
스푼랩스,AWS,25/12/01
스푼랩스,Java,25/12/01
동성제약(주),유지보수,25/12/10
동성제약(주),Windows,25/12/10
동성제약(주),UTM,25/12/10
동성제약(주),H/W,25/12/10
동성제약(주),VMware,25/12/10
(주)레인보우로보틱스,로봇설계,25/11/13
(주)레인보우로보틱스,로봇엔지니어,25/11/13
(주)레인보우로보틱스,아키텍쳐,25/11/13
(주)레인보우로보틱스,백엔드/서버개발,25/11/13
(주)레인보우로보틱스,기계,25/11/13
(주)커브,SVN,25/12/09
(주)커브,Git,25/12/09
(주)커브,Kubernetes,25/12/09
(주)커브,DevOps,25/12/09
(주)커브,AWS,25/12/09
(주)위버시스템즈,유지보수,25/12/05
(주)위버시스템즈,정보통신,25/12/05
(주)위버시스템즈,H/W,25/12/05
(주)위버시스템즈,IDC,25/12/05
(주)위버시스템즈,S/W,25/12/05
(주)델레오코리아,Git,25/12/10
(주)델레오코리아,DevOps,25/12/10
(주)델레오코리아,AWS,25/12/10
(주)델레오코리아,Java,25/12/10
(주)델레오코리아,Docker,25/12/10
(주)파이디지털헬스케어,풀스택,25/11/24
(주)파이디지털헬스케어,Spring,25/11/24
(주)파이디지털헬스케어,ETL,25/11/24
(주)파이디지털헬스케어,SQL,25/11/24
(주)파이디지털헬스케어,RDBMS,25/11/24
(주)티니어,풀스택,25/12/10
(주)티니어,아키텍쳐,25/12/10
(주)티니어,AI(인공지능),25/12/10
(주)티니어,Android,25/12/10
(주)티니어,악성코드,25/12/10
(주)상공,AI(인공지능),25/12/10
(주)상공,Redis,25/12/10
(주)상공,PostgreSQL,25/12/10
(주)상공,Ajax,25/12/10
(주)상공,SaaS,25/12/10
(주)티니어,풀스택,25/12/08
(주)티니어,아키텍쳐,25/12/08
(주)티니어,AI(인공지능),25/12/08
(주)티니어,Android,25/12/08
(주)티니어,악성코드,25/12/08
(주)에이아이스페라,모델링,25/10/30
(주)에이아이스페라,DBMS,25/10/30
(주)에이아이스페라,크롤링,25/10/30
(주)에이아이스페라,빅데이터,25/10/30
(주)에이아이스페라,아키텍쳐,25/10/30
(주)혜움,AI(인공지능),25/12/09
(주)혜움,백엔드/서버개발,25/12/09
(주)솔로몬텍,유지보수,25/11/13
(주)솔로몬텍,SI개발,25/11/13
(주)솔로몬텍,솔루션,25/11/13
(주)솔로몬텍,프론트엔드,25/11/13
(주)솔로몬텍,백엔드/서버개발,25/11/13
암독스코리아 유한회사,QA/테스터,25/11/24
암독스코리아 유한회사,Kubernetes,25/11/24
암독스코리아 유한회사,DevOps,25/11/24
암독스코리아 유한회사,클라우드,25/11/24
암독스코리아 유한회사,네트워크,25/11/24
(주)스마일게이트홀딩스 메가포트 지점,IDC,25/11/28
(주)스마일게이트홀딩스 메가포트 지점,DevOps,25/11/28
(주)스마일게이트홀딩스 메가포트 지점,AWS,25/11/28
(주)스마일게이트홀딩스 메가포트 지점,클라우드,25/11/28
(주)스마일게이트홀딩스 메가포트 지점,Azure,25/11/28
(주)클라비,Kubernetes,25/10/24
(주)클라비,DevOps,25/10/24
(주)클라비,클라우드,25/10/24
(주)클라비,Jenkins,25/10/24
(주)클라비,아키텍쳐,25/10/24
(주)텐,DevOps,25/11/18
(주)텐,백엔드/서버개발,25/11/18
(주)텐,소프트웨어개발,25/11/18
에스큐앤티(주),GCP,25/12/01
에스큐앤티(주),AWS,25/12/01
에스큐앤티(주),Azure,25/12/01
에스큐앤티(주),Java,25/12/01
에스큐앤티(주),Linux,25/12/01
(주)문토,풀스택,25/12/09
(주)문토,Redis,25/12/09
(주)문토,PostgreSQL,25/12/09
(주)문토,HTML5,25/12/09
(주)문토,Flutter,25/12/09
(주)블루개러지,Pandas,25/11/28
(주)블루개러지,Django,25/11/28
(주)블루개러지,GraphQL,25/11/28
(주)블루개러지,MySQL,25/11/28
(주)블루개러지,데이터분석가,25/11/28
(주)문토,풀스택,25/12/09
(주)문토,Redis,25/12/09
(주)문토,PostgreSQL,25/12/09
(주)문토,HTML5,25/12/09
(주)문토,Flutter,25/12/09
(주)블루개러지,Pandas,25/11/28
(주)블루개러지,Django,25/11/28
(주)블루개러지,GraphQL,25/11/28
(주)블루개러지,MySQL,25/11/28
(주)블루개러지,데이터분석가,25/11/28
(주)문토,Flutter,25/12/09
(주)문토,MongoDB,25/12/09
(주)문토,AWS,25/12/09
(주)문토,ReactJS,25/12/09
(주)문토,Node.js,25/12/09
알서포트(주),S/W,25/12/08
알서포트(주),솔루션,25/12/08
알서포트(주),기술지원,25/12/08
알서포트(주),소프트웨어개발,25/12/08
(주)크레버스,백엔드/서버개발,25/11/19
(주)크레버스,영어학원,25/11/19
(주)보이저,SE(시스템엔지니어),25/12/03
(주)보이저,DevOps,25/12/03
(주)보이저,네트워크,25/12/03
(주)보이저,인프라,25/12/03
(주)보이저,게임디자인,25/12/03
㈜넥신아이티,유지보수,25/12/01
㈜넥신아이티,MariaDB,25/12/01
㈜넥신아이티,정보통신,25/12/01
㈜넥신아이티,H/W,25/12/01
㈜넥신아이티,VMware,25/12/01
(주)자이닉스,PostgreSQL,25/11/27
(주)자이닉스,Ajax,25/11/27
(주)자이닉스,MongoDB,25/11/27
(주)자이닉스,LMS,25/11/27
(주)자이닉스,React,25/11/27
주식회사유니온클래스,DevOps,25/11/24
주식회사유니온클래스,클라우드,25/11/24
주식회사유니온클래스,인프라,25/11/24
주식회사유니온클래스,솔루션,25/11/24
주식회사유니온클래스,SaaS,25/11/24
FCG,유지보수,25/12/08
FCG,풀스택,25/12/08
FCG,헬스케어,25/12/08
FCG,정보통신,25/12/08
FCG,Apache,25/12/08
(주)알세미,백엔드/서버개발,25/12/01
(주)알세미,소프트웨어개발,25/12/01
(주)에이프리카,Kubernetes,25/12/02
(주)에이프리카,기술상담,25/12/02
(주)에이프리카,Linux,25/12/02
(주)에이프리카,교육상담,25/12/02
(주)에이프리카,트러블슈팅,25/12/02
(주)블루개러지,Pandas,25/11/28
(주)블루개러지,Django,25/11/28
(주)블루개러지,GraphQL,25/11/28
(주)블루개러지,MySQL,25/11/28
(주)블루개러지,데이터분석가,25/11/28
(주)블루개러지,Pandas,25/11/28
(주)블루개러지,Django,25/11/28
(주)블루개러지,GraphQL,25/11/28
(주)블루개러지,MySQL,25/11/28
(주)블루개러지,데이터분석가,25/11/28
(주)알세미,프론트엔드,25/12/01
(주)알세미,소프트웨어개발,25/12/01
(주)플래티어,크로스플랫폼,25/12/05
(주)플래티어,소프트웨어개발,25/12/05
(주)플래티어,AI(인공지능),25/12/05
(주)플래티어,소프트웨어개발,25/12/05
(주)비티원,유지보수,25/12/05
(주)비티원,SI개발,25/12/05
(주)비티원,DevOps,25/12/05
(주)비티원,클라우드,25/12/05
(주)비티원,Java,25/12/05
크림페이(주),Kubernetes,25/12/08
크림페이(주),DevOps,25/12/08
크림페이(주),클라우드,25/12/08
크림페이(주),인프라,25/12/08
크림페이(주),아키텍쳐,25/12/08
(주)페블스퀘어,DevOps,25/11/20
(주)페블스퀘어,인프라,25/11/20
(주)페블스퀘어,Firmware,25/11/20
(주)뮤직카우,DevOps,25/12/01
(주)뮤직카우,오픈마켓,25/12/01
메크랩주식회사(Mek-labInc.),SE(시스템엔지니어),25/11/29
메크랩주식회사(Mek-labInc.),보안관제,25/11/29
메크랩주식회사(Mek-labInc.),SI개발,25/11/29
메크랩주식회사(Mek-labInc.),DevOps,25/11/29
메크랩주식회사(Mek-labInc.),소프트웨어개발,25/11/29
스태커,아키텍쳐,25/12/10
스태커,Maven,25/12/10
스태커,IDC,25/12/10
스태커,SE(시스템엔지니어),25/12/10
스태커,미들웨어,25/12/10
아이티팜(주),알고리즘,25/12/01
아이티팜(주),영상처리,25/12/01
아이티팜(주),DevOps,25/12/01
아이티팜(주),AWS,25/12/01
아이티팜(주),클라우드,25/12/01
(주)한국오픈솔루션,풀스택,25/12/10
(주)한국오픈솔루션,PostgreSQL,25/12/10
(주)한국오픈솔루션,SpringBoot,25/12/10
(주)한국오픈솔루션,MariaDB,25/12/10
(주)한국오픈솔루션,HTML5,25/12/10
한국기술교육직업전문학교,웹마스터,25/12/05
한국기술교육직업전문학교,유지보수,25/12/05
한국기술교육직업전문학교,시공관리자,25/12/05
한국기술교육직업전문학교,Android,25/12/05
한국기술교육직업전문학교,HTML5,25/12/05
(주)이노크라스코리아,SE(시스템엔지니어),25/10/31
(주)이노크라스코리아,정보보안,25/10/31
(주)이노크라스코리아,바이오,25/10/31
(주)리얼타임메디체크,백엔드/서버개발,25/12/05
(주)리얼타임메디체크,소프트웨어개발,25/12/05
(주)굿바이브,취약점진단,25/11/20
(주)굿바이브,IDC,25/11/20
(주)굿바이브,인프라,25/11/20
(주)굿바이브,정보보안,25/11/20
(주)굿바이브,API,25/11/20
(주)헤리트,Kotlin,25/12/01
(주)헤리트,Java,25/12/01
(주)헤리트,JPA,25/12/01
(주)헤리트,Redis,25/12/01
(주)헤리트,Spring,25/12/01
(주)머니투데이방송,백엔드/서버개발,25/12/08
(주)머니투데이방송,웹개발,25/12/08
(주)머니투데이방송,인터넷신문,25/12/08
(주)베어로보틱스코리아,S/W,25/12/02
(주)베어로보틱스코리아,백엔드/서버개발,25/12/02
(주)베어로보틱스코리아,소프트웨어개발,25/12/02
(주)엔젤로보틱스,시장조사,25/12/03
(주)엔젤로보틱스,품질관리,25/12/03
(주)엔젤로보틱스,H/W,25/12/03
(주)엔젤로보틱스,모델링,25/12/03
(주)엔젤로보틱스,품질분석,25/12/03
메가존클라우드(주),데이터 사이언티스트,25/12/08
메가존클라우드(주),데이터시각화,25/12/08
메가존클라우드(주),데이터분석가,25/12/08
메가존클라우드(주),데이터엔지니어,25/12/08
메가존클라우드(주),데이터분석,25/12/08
(주)베어로보틱스코리아,S/W,25/12/02
(주)베어로보틱스코리아,소프트웨어개발,25/12/02
(주)베어로보틱스코리아,S/W,25/12/02
(주)베어로보틱스코리아,소프트웨어개발,25/12/02
(주)엑셈,서비스기획,25/12/01
(주)엑셈,데이터 사이언티스트,25/12/01
(주)엑셈,R&D,25/12/01
(주)엑셈,데이터분석가,25/12/01
(주)엑셈,AI(인공지능),25/12/01
(주)엔씨에이아이,Kubernetes,25/12/05
(주)엔씨에이아이,DevOps,25/12/05
(주)엔씨에이아이,AWS,25/12/05
(주)엔씨에이아이,클라우드,25/12/05
(주)엔씨에이아이,인프라,25/12/05
주식회사포유에이전트,QA/테스터,25/11/28
주식회사포유에이전트,유지보수,25/11/28
주식회사포유에이전트,AI(인공지능),25/11/28
주식회사포유에이전트,Spring,25/11/28
주식회사포유에이전트,SpringBoot,25/11/28
(주)엔씨소프트,트렌드분석,25/11/11
(주)엔씨소프트,애니메이션,25/11/11
(주)엔씨소프트,게임디자인,25/11/11
(주)엔씨소프트,애니메이터,25/11/11
(주)엔씨소프트,그래픽디자인,25/11/11
(주)엔씨소프트,트렌드분석,25/12/04
(주)엔씨소프트,애니메이션,25/12/04
(주)엔씨소프트,게임디자인,25/12/04
(주)엔씨소프트,애니메이터,25/12/04
(주)엔씨소프트,그래픽디자인,25/12/04
(주)지엠코퍼레이션,SE(시스템엔지니어),25/12/08
(주)지엠코퍼레이션,PaaS,25/12/08
(주)지엠코퍼레이션,미들웨어,25/12/08
(주)지엠코퍼레이션,Kubernetes,25/12/08
(주)지엠코퍼레이션,DevOps,25/12/08
지에스차지비(주),유지보수,25/12/05
지에스차지비(주),Android,25/12/05
지에스차지비(주),Angular,25/12/05
지에스차지비(주),인바운드,25/12/05
지에스차지비(주),iOS,25/12/05
마이데이터(주),DBA,25/12/04
마이데이터(주),시스템관리,25/12/04
티앤티(주),MSSQL,25/12/10
티앤티(주),MySQL,25/12/10
티앤티(주),BI 엔지니어,25/12/10
티앤티(주),데이터라벨링,25/12/10
티앤티(주),데이터시각화,25/12/10
(주)에스엠해썹,Node.js,25/11/28
(주)에스엠해썹,PostgreSQL,25/11/28
(주)에스엠해썹,백엔드/서버개발,25/11/28
(주)에스엠해썹,Python,25/11/28
(주)에스엠해썹,Pytorch,25/11/28
(주)팀플러스,SE(시스템엔지니어),25/12/08
(주)팀플러스,Git,25/12/08
(주)팀플러스,Kubernetes,25/12/08
(주)팀플러스,AWS,25/12/08
(주)팀플러스,Docker,25/12/08
(주)파인원커뮤니케이션즈,백엔드/서버개발,25/12/04
(주)파인원커뮤니케이션즈,앱개발,25/12/04
(주)파인원커뮤니케이션즈,웹개발,25/12/04
(주)파인원커뮤니케이션즈,소프트웨어개발,25/12/04
(주)하이컨시,DBMS,25/10/30
(주)하이컨시,MSSQL,25/10/30
(주)하이컨시,DW,25/10/30
(주)하이컨시,아키텍쳐,25/10/30
(주)하이컨시,DBA,25/10/30
(주)와이즈버즈,Kotlin,25/12/05
(주)와이즈버즈,Kubernetes,25/12/05
(주)와이즈버즈,AWS,25/12/05
(주)와이즈버즈,Java,25/12/05
(주)와이즈버즈,NoSQL,25/12/05
주식회사 피비지,유통MD,25/11/20
주식회사 피비지,퍼포먼스마케팅,25/11/20
주식회사 피비지,브랜드MD,25/11/20
주식회사 피비지,콘텐츠마케팅,25/11/20
주식회사 피비지,바잉MD,25/11/20
쓰리알이노베이션(주),풀스택,25/12/05
쓰리알이노베이션(주),PostgreSQL,25/12/05
쓰리알이노베이션(주),데이터 사이언티스트,25/12/05
쓰리알이노베이션(주),클라우드,25/12/05
쓰리알이노베이션(주),Java,25/12/05
연세IT미래교육원,Splunk,25/11/19
연세IT미래교육원,Python,25/11/19
연세IT미래교육원,VMware,25/11/19
연세IT미래교육원,취약점진단,25/11/19
연세IT미래교육원,컴퓨터교육,25/11/19
더치트(주),유지보수,25/12/08
더치트(주),풀스택,25/12/08
더치트(주),Android,25/12/08
더치트(주),서비스기획,25/12/08
더치트(주),기획,25/12/08
유한회사 미소,DevOps,25/12/04
유한회사 미소,IT컨설팅,25/12/04
유한회사 미소,DevOps,25/12/08
유한회사 미소,가격비교,25/12/08
오비맥주(주),유지보수,25/10/30
오비맥주(주),아키텍쳐,25/10/30
오비맥주(주),API,25/10/30
오비맥주(주),악성코드,25/10/30
오비맥주(주),취약점진단,25/10/30
(주)디에스알브이랩스,DevOps,25/11/21
(주)디에스알브이랩스,소프트웨어개발,25/11/21
주식회사슈튜(SyuTyu),풀스택,25/11/14
주식회사슈튜(SyuTyu),AI(인공지능),25/11/14
주식회사슈튜(SyuTyu),RestAPI,25/11/14
주식회사슈튜(SyuTyu),API,25/11/14
주식회사슈튜(SyuTyu),SE(시스템엔지니어),25/11/14
(주)한국클라우드,Java,25/11/24
(주)한국클라우드,Vue.js,25/11/24
(주)한국클라우드,Javascript,25/11/24
(주)한국클라우드,HTML,25/11/24
(주)한국클라우드,CSS,25/11/24
(주)소프트넷,백엔드/서버개발,25/11/19
(주)소프트넷,소프트웨어개발,25/11/19
(주)소프트넷,백엔드/서버개발,25/11/19
(주)소프트넷,소프트웨어개발,25/11/19
메가존(주),SE(시스템엔지니어),25/12/03
메가존(주),SM,25/12/03
(주)소프트넷,백엔드/서버개발,25/11/19
(주)소프트넷,소프트웨어개발,25/11/19
(주)스카이웨어,풀스택,25/12/08
(주)스카이웨어,Spring,25/12/08
(주)스카이웨어,SpringBoot,25/12/08
(주)스카이웨어,모델링,25/12/08
(주)스카이웨어,React,25/12/08
(주)이트라이브,메타버스,25/11/24
(주)이트라이브,모델링,25/11/24
(주)이트라이브,AR(증강현실),25/11/24
(주)이트라이브,VR(가상현실),25/11/24
(주)이트라이브,블록체인,25/11/24
(주)휴이노,정보보안,25/12/08
(주)휴이노,의료기기,25/12/08
(주)위즈돔,정보보안,25/12/03
(주)위즈돔,IT컨설팅,25/12/03
㈜알티캐스트,QA/테스터,25/11/05
㈜알티캐스트,SQA,25/11/05
㈜알티캐스트,소프트웨어개발,25/11/05
피에프씨테크놀로지스(주),GCP,25/11/30
피에프씨테크놀로지스(주),AWS,25/11/30
피에프씨테크놀로지스(주),Azure,25/11/30
피에프씨테크놀로지스(주),기술지원,25/11/30
피에프씨테크놀로지스(주),SI·시스템통합,25/11/30
(주)휴런,Kubernetes,25/11/13
(주)휴런,Java,25/11/13
(주)휴런,MySQL,25/11/13
(주)휴런,Docker,25/11/13
(주)휴런,Spring,25/11/13
(주)헤리트,IT영업,25/12/04
(주)헤리트,공공영업,25/12/04
(주)헤리트,SI영업,25/12/04
(주)헤리트,영업,25/12/04
(주)헤리트,기업영업,25/12/04
(주)아이도트,백엔드/서버개발,25/12/10
(주)아이도트,소프트웨어개발,25/12/10
(주)시나몬,백엔드/서버개발,25/12/10
(주)시나몬,홍보대행사,25/12/10
(주)뷰런테크놀로지,QA/테스터,25/11/11
(주)뷰런테크놀로지,딥러닝,25/11/11
(주)뷰런테크놀로지,AI(인공지능),25/11/11
(주)뷰런테크놀로지,API,25/11/11
(주)인터엑스,네트워크,25/11/24
(주)인터엑스,소프트웨어개발,25/11/24
(주)뷰런테크놀로지,QA/테스터,25/12/01
(주)뷰런테크놀로지,Python,25/12/01
(주)뷰런테크놀로지,소프트웨어개발,25/12/01
(주)시나몬,백엔드/서버개발,25/12/10
(주)시나몬,홍보대행사,25/12/10
(주)아크데이타,Kubernetes,25/11/25
(주)아크데이타,DevOps,25/11/25
(주)아크데이타,AWS,25/11/25
(주)아크데이타,클라우드,25/11/25
(주)아크데이타,Linux,25/11/25
지오캡쳐,유지보수,25/12/08
지오캡쳐,Spring,25/12/08
지오캡쳐,PostgreSQL,25/12/08
지오캡쳐,SpringBoot,25/12/08
지오캡쳐,정보통신,25/12/08
(주)로이드케이,풀스택,25/11/24
(주)로이드케이,AI(인공지능),25/11/24
㈜피앤피시큐어,유지보수,25/12/09
㈜피앤피시큐어,풀스택,25/12/09
㈜피앤피시큐어,SQL,25/12/09
㈜피앤피시큐어,정보통신,25/12/09
㈜피앤피시큐어,Java,25/12/09
(주)웅진,인프라,25/11/26
(주)웅진,비금융지주회사,25/11/26
(주)좋은정보기술,Spring,25/12/10
(주)좋은정보기술,SpringBoot,25/12/10
(주)좋은정보기술,SQL,25/12/10
(주)좋은정보기술,Maven,25/12/10
(주)좋은정보기술,CSS3,25/12/10
(주)와따에이아이,Java,25/12/10
(주)와따에이아이,Linux,25/12/10
(주)와따에이아이,백엔드/서버개발,25/12/10
(주)와따에이아이,RestAPI,25/12/10
(주)와따에이아이,Python,25/12/10
(주)와따에이아이,Java,25/12/10
(주)와따에이아이,Linux,25/12/10
(주)와따에이아이,백엔드/서버개발,25/12/10
(주)와따에이아이,Objective-C,25/12/10
(주)와따에이아이,RestAPI,25/12/10
디에스글로벌 주식회사,유지보수,25/11/27
디에스글로벌 주식회사,Spring,25/11/27
디에스글로벌 주식회사,PostgreSQL,25/11/27
디에스글로벌 주식회사,SpringBoot,25/11/27
디에스글로벌 주식회사,SQL,25/11/27
(주)띵라이브,AWS,25/11/28
(주)띵라이브,인터넷방송,25/11/28
(주)와따에이아이,Java,25/12/10
(주)와따에이아이,Linux,25/12/10
(주)와따에이아이,백엔드/서버개발,25/12/10
(주)와따에이아이,Objective-C,25/12/10
(주)와따에이아이,RestAPI,25/12/10
(주)와따에이아이,Java,25/12/10
(주)와따에이아이,Linux,25/12/10
(주)와따에이아이,백엔드/서버개발,25/12/10
(주)와따에이아이,RestAPI,25/12/10
(주)와따에이아이,Python,25/12/10
(주)비티원,풀스택,25/12/09
(주)비티원,SpringBoot,25/12/09
(주)비티원,MariaDB,25/12/09
(주)비티원,SaaS,25/12/09
(주)비티원,SI개발,25/12/09
(주)데키스트,Ajax,25/11/17
(주)데키스트,Git,25/11/17
(주)데키스트,Kubernetes,25/11/17
(주)데키스트,React,25/11/17
(주)데키스트,DevOps,25/11/17
(주)모빌리티네트웍스,NoSQL,25/11/16
(주)모빌리티네트웍스,DBA,25/11/16
(주)모빌리티네트웍스,SQL,25/11/16
(주)모빌리티네트웍스,자동차매장,25/11/16
(주)프리윌린,백엔드/서버개발,25/12/05
(주)프리윌린,소프트웨어개발,25/12/05
(주)오픈소스컨설팅,SE(시스템엔지니어),25/11/12
(주)오픈소스컨설팅,기술지원,25/11/12
(주)오픈소스컨설팅,소프트웨어개발,25/11/12
주식회사 에스티씨랩,기술지원,25/12/09
주식회사 에스티씨랩,IT컨설팅,25/12/09
주식회사 에스티씨랩,솔루션기술영업,25/12/09
주식회사 에스티씨랩,소프트웨어개발,25/12/09
(주)데이터드리븐,SI개발,25/11/17
(주)데이터드리븐,React,25/11/17
(주)데이터드리븐,개발PM,25/11/17
(주)데이터드리븐,Docker,25/11/17
(주)데이터드리븐,TypeScript,25/11/17
(주)모빌리티네트웍스,NoSQL,25/11/16
(주)모빌리티네트웍스,DBA,25/11/16
(주)모빌리티네트웍스,SQL,25/11/16
(주)모빌리티네트웍스,자동차매장,25/11/16
(주)오픈소스컨설팅,SE(시스템엔지니어),25/11/12
(주)오픈소스컨설팅,기술지원,25/11/12
(주)오픈소스컨설팅,소프트웨어개발,25/11/12
(주)로민,머신러닝,25/12/01
(주)로민,AI(인공지능),25/12/01
(주)로민,소프트웨어개발,25/12/01
(주)진이어스,정보보안,25/12/04
(주)진이어스,홍보대행사,25/12/04
(주)뉴로코어,프론트엔드,25/11/17
(주)뉴로코어,백엔드/서버개발,25/11/17
(주)뉴로코어,DBA,25/11/17
(주)뉴로코어,앱개발,25/11/17
(주)뉴로코어,소프트웨어개발,25/11/17
미래경영교육원,Kubernetes,25/12/09
미래경영교육원,React,25/12/09
미래경영교육원,학원강사,25/12/09
미래경영교육원,DevOps,25/12/09
미래경영교육원,MyBatis,25/12/09
(주)야놀자,소프트웨어개발,25/11/25
(주)야놀자,컨텐츠제공,25/11/25
강남앤인코누스(주),풀스택,25/11/28
강남앤인코누스(주),Spring,25/11/28
강남앤인코누스(주),RestAPI,25/11/28
강남앤인코누스(주),SQL,25/11/28
강남앤인코누스(주),.NET,25/11/28
(주)온블록,알고리즘개발,25/10/22
(주)온블록,백엔드/서버개발,25/10/22
(주)온블록,소프트웨어개발,25/10/22
(주)레인보우8,데이터 사이언티스트,25/12/04
(주)레인보우8,데이터마이닝,25/12/04
(주)레인보우8,데이터분석가,25/12/04
(주)레인보우8,데이터엔지니어,25/12/04
(주)레인보우8,홍보대행사,25/12/04
(주)퓨쳐스콜레,백엔드/서버개발,25/11/12
(주)이지식스,DBA,25/10/21
(주)이지식스,소프트웨어개발,25/10/21
(주)온블록,데이터엔지니어,25/11/28
(주)온블록,웹마스터,25/11/28
(주)온블록,블록체인,25/11/28
(주)소프트웨어융합연구소,개발PM,25/11/22
(주)소프트웨어융합연구소,PMO,25/11/22
(주)소프트웨어융합연구소,소프트웨어개발,25/11/22
오픈헬스케어(주),MongoDB,25/11/19
오픈헬스케어(주),AWS,25/11/19
오픈헬스케어(주),Docker,25/11/19
오픈헬스케어(주),Node.js,25/11/19
오픈헬스케어(주),NoSQL,25/11/19
(주)플러그링크,백엔드/서버개발,25/12/09
(주)플러그링크,전기공사,25/12/09
(주)잉클,DBMS,25/11/18
(주)잉클,빅데이터,25/11/18
(주)잉클,풀스택,25/11/18
(주)잉클,데이터엔지니어,25/11/18
(주)잉클,백엔드/서버개발,25/11/18
(주)브랜디액션,ETL,25/12/04
(주)브랜디액션,HTTP,25/12/04
(주)브랜디액션,HTML5,25/12/04
(주)브랜디액션,크롤링,25/12/04
(주)브랜디액션,데이터 사이언티스트,25/12/04
아타드(주),GCP,25/11/16
아타드(주),Kubernetes,25/11/16
아타드(주),AWS,25/11/16
아타드(주),Azure,25/11/16
아타드(주),Docker,25/11/16
(주)와플원,SI개발,25/11/28
(주)와플원,Java,25/11/28
(주)와플원,SpringBoot,25/11/28
(주)와플원,백엔드/서버개발,25/11/28
(주)와플원,웹개발,25/11/28
아타드(주),GCP,25/11/16
아타드(주),Kubernetes,25/11/16
아타드(주),AWS,25/11/16
아타드(주),Azure,25/11/16
아타드(주),Docker,25/11/16
(주)트립닥,프론트엔드,25/12/01
(주)트립닥,백엔드/서버개발,25/12/01
(주)트립닥,웹개발,25/12/01
(주)트립닥,인터넷건강·의학,25/12/01
아타드(주),GCP,25/11/16
아타드(주),Kubernetes,25/11/16
아타드(주),AWS,25/11/16
아타드(주),Azure,25/11/16
아타드(주),Docker,25/11/16
(주)텐,유지보수,25/11/19
(주)텐,Kubernetes,25/11/19
(주)텐,Linux,25/11/19
(주)텐,Docker,25/11/19
(주)텐,인프라,25/11/19
(주)에이드로,풀스택,25/12/05
(주)에이드로,SQL,25/12/05
(주)에이드로,Python,25/12/05
(주)에이드로,Git,25/12/05
(주)에이드로,React,25/12/05
(주)타이탄인베스트,Java,25/11/19
(주)타이탄인베스트,개발PM,25/11/19
(주)타이탄인베스트,기술지원,25/11/19
(주)타이탄인베스트,Spring,25/11/19
(주)타이탄인베스트,SpringBoot,25/11/19
(주)마인드에이아이,알고리즘,25/11/24
(주)마인드에이아이,빅데이터,25/11/24
(주)마인드에이아이,딥러닝,25/11/24
(주)마인드에이아이,머신러닝,25/11/24
(주)마인드에이아이,AI(인공지능),25/11/24
더선한(주),백엔드/서버개발,25/12/03
더선한(주),소프트웨어개발,25/12/03
(주)스타트뷰,React,25/10/28
(주)스타트뷰,SDK,25/10/28
(주)스타트뷰,ReactJS,25/10/28
(주)스타트뷰,Node.js,25/10/28
(주)스타트뷰,TypeScript,25/10/28
주식회사 디메타,AI(인공지능),25/11/24
주식회사 디메타,소프트웨어개발,25/11/24
스트라토,Java,25/10/15
스트라토,개발PM,25/10/15
스트라토,PL/SQL,25/10/15
스트라토,Spring,25/10/15
스트라토,백엔드/서버개발,25/10/15
(주)호패,백엔드/서버개발,25/11/20
(주)호패,앱개발,25/11/20
(주)호패,웹개발,25/11/20
(주)아이트럭,AI(인공지능),25/11/12
(주)아이트럭,백엔드/서버개발,25/11/12
(주)아이트럭,솔루션업체,25/11/12
주식회사 하이파킹,풀스택,25/12/08
주식회사 하이파킹,SQL,25/12/08
주식회사 하이파킹,MariaDB,25/12/08
주식회사 하이파킹,Python,25/12/08
주식회사 하이파킹,HTML5,25/12/08
(주)이지에이아이,와이어샤크,25/12/05
(주)이지에이아이,Python,25/12/05
(주)이지에이아이,Pytorch,25/12/05
(주)이지에이아이,챗봇,25/12/05
(주)이지에이아이,미들웨어,25/12/05
아하앤컴퍼니(주),DevOps,25/11/11
아하앤컴퍼니(주),AWS,25/11/11
아하앤컴퍼니(주),Node.js,25/11/11
아하앤컴퍼니(주),TypeScript,25/11/11
아하앤컴퍼니(주),백엔드/서버개발,25/11/11
(주)택스티넘,유지보수,25/12/10
(주)택스티넘,풀스택,25/12/10
(주)택스티넘,PostgreSQL,25/12/10
(주)택스티넘,UTM,25/12/10
(주)택스티넘,VPN,25/12/10
주식회사 하이파킹,아키텍쳐,25/12/05
주식회사 하이파킹,SpringBoot,25/12/05
주식회사 하이파킹,RestAPI,25/12/05
주식회사 하이파킹,HTTP,25/12/05
주식회사 하이파킹,API,25/12/05
주식회사니즈소프트,정보통신,25/12/05
주식회사니즈소프트,Angular,25/12/05
주식회사니즈소프트,VMware,25/12/05
주식회사니즈소프트,Apache,25/12/05
주식회사니즈소프트,HTML5,25/12/05
(주)싸이터,DevOps,25/12/01
(주)싸이터,정보보안,25/12/01
(주)더존테크윌,Java,25/12/08
(주)더존테크윌,Javascript,25/12/08
(주)더존테크윌,풀스택,25/12/08
(주)더존테크윌,SpringBoot,25/12/08
(주)더존테크윌,SQL,25/12/08
(주)셀키에이아이,데이터 사이언티스트,25/11/23
(주)셀키에이아이,빅데이터,25/11/23
(주)셀키에이아이,데이터분석가,25/11/23
(주)셀키에이아이,데이터엔지니어,25/11/23
(주)셀키에이아이,소프트웨어개발,25/11/23
(주)캐플릭스,Java,25/11/28
(주)캐플릭스,Vue.js,25/11/28
(주)캐플릭스,Javascript,25/11/28
(주)캐플릭스,백엔드/서버개발,25/11/28
(주)캐플릭스,DBA,25/11/28
에이치투오코리아(주),Git,25/12/08
에이치투오코리아(주),Kubernetes,25/12/08
에이치투오코리아(주),AWS,25/12/08
에이치투오코리아(주),Java,25/12/08
에이치투오코리아(주),Docker,25/12/08
(주)아크스퀘어,백엔드/서버개발,25/12/03
(주)아크스퀘어,웹개발,25/12/03
(주)아크스퀘어,소프트웨어개발,25/12/03
(주)온블록,블록체인,25/10/16
(주)온블록,Dapp,25/10/16
(주)온블록,백엔드/서버개발,25/10/16
(주)온블록,소프트웨어개발,25/10/16
(주)캐낸다,백엔드/서버개발,25/12/08
(주)캐낸다,소프트웨어개발,25/12/08
(주)해나소프트,Spring,25/12/08
(주)해나소프트,SpringBoot,25/12/08
(주)해나소프트,SQL,25/12/08
(주)해나소프트,JSP,25/12/08
(주)해나소프트,IaaS,25/12/08
(주)빌드코퍼레이션,GCP,25/12/01
(주)빌드코퍼레이션,React,25/12/01
(주)빌드코퍼레이션,AWS,25/12/01
(주)빌드코퍼레이션,Azure,25/12/01
(주)빌드코퍼레이션,Node.js,25/12/01
(주)빌드코퍼레이션,GCP,25/12/01
(주)빌드코퍼레이션,React,25/12/01
(주)빌드코퍼레이션,AWS,25/12/01
(주)빌드코퍼레이션,Azure,25/12/01
(주)빌드코퍼레이션,Node.js,25/12/01
데이터퓨처테크놀로지 주식회사,기술지원,25/12/02
데이터퓨처테크놀로지 주식회사,데이터엔지니어,25/12/02
데이터퓨처테크놀로지 주식회사,SI·시스템통합,25/12/02
(주)빌드코퍼레이션,GCP,25/12/01
(주)빌드코퍼레이션,React,25/12/01
(주)빌드코퍼레이션,AWS,25/12/01
(주)빌드코퍼레이션,Azure,25/12/01
(주)빌드코퍼레이션,Node.js,25/12/01
선에스에스씨한국사무소,프론트엔드,25/11/28
선에스에스씨한국사무소,유통업,25/11/28
(주)뉴로코어,프론트엔드,25/11/21
(주)뉴로코어,DBA,25/11/21
(주)뉴로코어,앱개발,25/11/21
(주)뉴로코어,소프트웨어개발,25/11/21
(주)타디스테크놀로지,Git,25/12/03
(주)타디스테크놀로지,풀스택,25/12/03
(주)타디스테크놀로지,프론트엔드,25/12/03
(주)타디스테크놀로지,SpringBoot,25/12/03
(주)타디스테크놀로지,백엔드/서버개발,25/12/03
(주)헤리트,사업관리,25/11/05
(주)헤리트,언론홍보,25/11/05
(주)헤리트,거래처영업,25/11/05
(주)헤리트,고객관리,25/11/05
(주)헤리트,마케팅전략,25/11/05
주식회사 루시드엑스(LucidX),인프라,25/12/02
주식회사 루시드엑스(LucidX),침해사고,25/12/02
주식회사 루시드엑스(LucidX),사고분석,25/12/02
주식회사 루시드엑스(LucidX),보안ASP,25/12/02
(주)헤이하이컴퍼니,앱개발,25/11/19
(주)헤이하이컴퍼니,웹개발,25/11/19
(주)헤이하이컴퍼니,웹에이전시,25/11/19
(주)수고랩,SI개발,25/12/09
(주)수고랩,백엔드/서버개발,25/12/09
(주)수고랩,앱개발,25/12/09
(주)수고랩,웹개발,25/12/09
(주)수고랩,기업교육,25/12/09
(주)재미스튜디오,유지보수,25/11/28
(주)재미스튜디오,개발PM,25/11/28
(주)재미스튜디오,정보보안,25/11/28
(주)재미스튜디오,프론트엔드,25/11/28
(주)재미스튜디오,백엔드/서버개발,25/11/28
(주)아스크스토리디에스,프론트엔드,25/12/05
(주)아스크스토리디에스,백엔드/서버개발,25/12/05
(주)아스크스토리디에스,소프트웨어개발,25/12/05
(주)플랜닥스,채널관리,25/12/10
(주)플랜닥스,시장조사,25/12/10
(주)플랜닥스,텔레마케터,25/12/10
(주)플랜닥스,인바운드,25/12/10
(주)플랜닥스,이미지컨설턴트,25/12/10
(주)디에스알브이랩스,백엔드/서버개발,25/11/21
(주)디에스알브이랩스,소프트웨어개발,25/11/21
(주)알로카도스,Kubernetes,25/12/03
(주)알로카도스,AWS,25/12/03
(주)알로카도스,TypeScript,25/12/03
(주)알로카도스,인프라,25/12/03
(주)알로카도스,Python,25/12/03
(주)모모그룹,AI(인공지능),25/12/05
(주)모모그룹,AI(인공지능),25/12/05
(주)모모그룹,인터넷건강·의학,25/12/05
(주)법틀,유지보수,25/12/05
(주)법틀,Django,25/12/05
(주)법틀,Java,25/12/05
(주)법틀,Vue.js,25/12/05
(주)법틀,Javascript,25/12/05
주식회사넥소라브릿지,AI(인공지능),25/12/08
주식회사넥소라브릿지,PostgreSQL,25/12/08
주식회사넥소라브릿지,RestAPI,25/12/08
주식회사넥소라브릿지,SQL,25/12/08
주식회사넥소라브릿지,Python,25/12/08
(주)테이텀,정보보안,25/12/02
(주)테이텀,소프트웨어개발,25/12/02
(주)아캐인,프론트엔드,25/12/02
(주)아캐인,백엔드/서버개발,25/12/02
(주)아캐인,컨텐츠제공,25/12/02
(주)노아시스템즈,SE(시스템엔지니어),25/12/04
(주)노아시스템즈,Java,25/12/04
(주)노아시스템즈,Linux,25/12/04
(주)노아시스템즈,Spring,25/12/04
(주)노아시스템즈,SpringBoot,25/12/04
(주)에버온,보안관제,25/11/26
(주)에버온,정보보안,25/11/26
(주)에버온,전기·가스·수도,25/11/26
(주)바틀,SI개발,25/12/05
(주)바틀,백엔드/서버개발,25/12/05
(주)바틀,앱개발,25/12/05
(주)바틀,웹개발,25/12/05
(주)바틀,소프트웨어개발,25/12/05
(주)뉴냅스,기획,25/12/02
(주)뉴냅스,AWS,25/12/02
(주)뉴냅스,C#,25/12/02
(주)뉴냅스,Unity,25/12/02
(주)뉴냅스,UI/UX,25/12/02
아타드(주),AWS,25/11/16
아타드(주),Tensorflow,25/11/16
아타드(주),Java,25/11/16
아타드(주),Node.js,25/11/16
아타드(주),AI(인공지능),25/11/16
(주)와플원,SI개발,25/11/20
(주)와플원,Java,25/11/20
(주)와플원,개발PM,25/11/20
(주)와플원,정보보안,25/11/20
(주)와플원,사업관리,25/11/20
아타드(주),AWS,25/11/16
아타드(주),Tensorflow,25/11/16
아타드(주),Java,25/11/16
아타드(주),Node.js,25/11/16
아타드(주),AI(인공지능),25/11/16
(주)슬립포레스트,백엔드/서버개발,25/11/12
(주)슬립포레스트,바이오,25/11/12
아타드(주),AWS,25/11/16
아타드(주),Tensorflow,25/11/16
아타드(주),Java,25/11/16
아타드(주),Node.js,25/11/16
아타드(주),AI(인공지능),25/11/16
데이터얼라이언스 주식회사,프론트엔드,25/11/11
데이터얼라이언스 주식회사,소프트웨어개발,25/11/11
천사간병협회,백엔드/서버개발,25/11/17
천사간병협회,소프트웨어개발,25/11/17
(주)와이콘즈,Django,25/12/10
(주)와이콘즈,Java,25/12/10
(주)와이콘즈,프론트엔드,25/12/10
(주)와이콘즈,HTML,25/12/10
(주)와이콘즈,백엔드/서버개발,25/12/10
주식회사패딧(Faddit),AWS,25/12/02
주식회사패딧(Faddit),ReactJS,25/12/02
주식회사패딧(Faddit),Node.js,25/12/02
주식회사패딧(Faddit),프론트엔드,25/12/02
주식회사패딧(Faddit),PostgreSQL,25/12/02
(주)제머나이소프트,유지보수,25/11/24
(주)제머나이소프트,풀스택,25/11/24
(주)제머나이소프트,인사,25/11/24
(주)제머나이소프트,PostgreSQL,25/11/24
(주)제머나이소프트,Android,25/11/24
더큼(주),AI(인공지능),25/12/04
더큼(주),AI(인공지능),25/12/04
더큼(주),태블로,25/12/04
더큼(주),Tableau,25/12/04
더큼(주),소프트웨어개발,25/12/04
더큼(주),AI(인공지능),25/12/04
더큼(주),AI(인공지능),25/12/04
더큼(주),태블로,25/12/04
더큼(주),Tableau,25/12/04
더큼(주),소프트웨어개발,25/12/04
(주)딥세일즈,Kotlin,25/12/01
(주)딥세일즈,GoLang,25/12/01
(주)딥세일즈,Java,25/12/01
(주)딥세일즈,Node.js,25/12/01
(주)딥세일즈,PL/SQL,25/12/01
가이드웨이컨설팅,프론트엔드,25/11/01
가이드웨이컨설팅,백엔드/서버개발,25/11/01
가이드웨이컨설팅,웹개발,25/11/01
가이드웨이컨설팅,솔루션업체,25/11/01
(주)알트에이,IoT,25/12/04
(주)알트에이,React,25/12/04
(주)알트에이,Linux,25/12/04
(주)알트에이,Docker,25/12/04
(주)알트에이,Node.js,25/12/04
(주)유모델러,AI(인공지능),25/12/03
(주)유모델러,앱개발,25/12/03
(주)유모델러,웹개발,25/12/03
(주)더리얼그룹,프론트엔드,25/11/12
(주)더리얼그룹,백엔드/서버개발,25/11/12
(주)더리얼그룹,컨텐츠제공,25/11/12
(주)오츠,GCP,25/11/11
(주)오츠,Git,25/11/11
(주)오츠,AWS,25/11/11
(주)오츠,Azure,25/11/11
(주)오츠,MySQL,25/11/11
주식회사 아이엔아이테크 서울지점,GCP,25/12/09
주식회사 아이엔아이테크 서울지점,AWS,25/12/09
주식회사 아이엔아이테크 서울지점,MyBatis,25/12/09
주식회사 아이엔아이테크 서울지점,Azure,25/12/09
주식회사 아이엔아이테크 서울지점,Java,25/12/09
택스캔버스,AI(인공지능),25/12/10
택스캔버스,NLP(자연어처리),25/12/10
택스캔버스,백엔드/서버개발,25/12/10
택스캔버스,챗봇,25/12/10
택스캔버스,소프트웨어개발,25/12/10
(주)와플원,인사,25/12/10
(주)와플원,총무,25/12/10
(주)와플원,법정의무교육,25/12/10
(주)와플원,제증명발급,25/12/10
(주)와플원,복리후생,25/12/10
(주)싸이터,SE(시스템엔지니어),25/11/16
(주)싸이터,SM,25/11/16
(주)아이지아이코리아,SE(시스템엔지니어),25/12/08
(주)아이지아이코리아,Git,25/12/08
(주)아이지아이코리아,Kubernetes,25/12/08
(주)아이지아이코리아,Docker,25/12/08
(주)아이지아이코리아,인프라,25/12/08
(주)미스릴,백엔드/서버개발,25/12/04
(주)미스릴,소프트웨어개발,25/12/04
(주)에듀템,알고리즘,25/12/10
(주)에듀템,음성인식,25/12/10
(주)에듀템,AI(인공지능),25/12/10
(주)에듀템,NLP(자연어처리),25/12/10
(주)에듀템,STT,25/12/10
스트라드비젼(STRADVISION),S/W,25/11/18
스트라드비젼(STRADVISION),자율주행,25/11/18
스트라드비젼(STRADVISION),기술지원,25/11/18
스트라드비젼(STRADVISION),프론트엔드,25/11/18
스트라드비젼(STRADVISION),백엔드/서버개발,25/11/18
AXA손해보험㈜,손해보험사,25/12/04
AXA손해보험㈜,클라우드,25/12/04
AXA손해보험㈜,DBA,25/12/04
AXA손해보험㈜,손해보험,25/12/04
AXA손해보험㈜,보험사,25/12/04
(주)비바리퍼블리카,DevOps,25/11/05
(주)비바리퍼블리카,트러블슈팅,25/11/05
(주)비바리퍼블리카,백엔드/서버개발,25/11/05
(주)비바리퍼블리카,SRE,25/11/05
(주)비바리퍼블리카,사이트신뢰성개발자,25/11/05
한국IT교육원,웹개발,25/11/14
한국IT교육원,직업전문학교,25/11/14
한국IT교육원,네트워크,25/11/24
한국IT교육원,직업전문학교,25/11/24
굿커리어,DevOps,25/12/04
굿커리어,AWS,25/12/04
굿커리어,클라우드,25/12/04
굿커리어,Docker,25/12/04
굿커리어,헤드헌팅,25/12/04
MINDPEC SOLUTIONS SDN. BHD.,DevOps,25/11/27
MINDPEC SOLUTIONS SDN. BHD.,클라우드,25/11/27
MINDPEC SOLUTIONS SDN. BHD.,네트워크,25/11/27
MINDPEC SOLUTIONS SDN. BHD.,데이터분석,25/11/27
MINDPEC SOLUTIONS SDN. BHD.,IT컨설팅,25/11/27
(주)맨토스파워,DevOps,25/12/03
(주)맨토스파워,인프라,25/12/03
(주)맨토스파워,아키텍쳐,25/12/03
(주)맨토스파워,커뮤니티,25/12/03
(주)맨토스파워,클라우드,25/12/06
(주)맨토스파워,네트워크,25/12/06
(주)맨토스파워,인프라,25/12/06
(주)맨토스파워,정보보안,25/12/06
(주)맨토스파워,백엔드/서버개발,25/12/06
(주)에이치알비즈코리아,SE(시스템엔지니어),25/12/09
(주)에이치알비즈코리아,Kubernetes,25/12/09
(주)에이치알비즈코리아,클라우드,25/12/09
(주)에이치알비즈코리아,Linux,25/12/09
(주)에이치알비즈코리아,Windows,25/12/09
(주)핀커스코리아,Redis,25/12/09
(주)핀커스코리아,SpringBoot,25/12/09
(주)핀커스코리아,Python,25/12/09
(주)핀커스코리아,RDBMS,25/12/09
(주)핀커스코리아,Git,25/12/09
(주)비비파트너스,유지보수,25/11/29
(주)비비파트너스,취약점진단,25/11/29
(주)비비파트너스,VPN,25/11/29
(주)비비파트너스,미들웨어,25/11/29
(주)비비파트너스,방화벽,25/11/29
HR컨설팅(주),IaaS,25/11/27
HR컨설팅(주),PaaS,25/11/27
HR컨설팅(주),클라우드,25/11/27
HR컨설팅(주),아키텍쳐,25/11/27
HR컨설팅(주),소프트웨어개발,25/11/27
(주)비비파트너스,DevOps,25/11/30
(주)비비파트너스,생명공학,25/11/30
로이컨설팅(주),클라우드,25/12/01
로이컨설팅(주),IT컨설팅,25/12/01
로이컨설팅(주),서치펌,25/12/01
주식회사 지니어스,아키텍쳐,25/12/10
주식회사 지니어스,RestAPI,25/12/10
주식회사 지니어스,API,25/12/10
주식회사 지니어스,IDC,25/12/10
주식회사 지니어스,Git,25/12/10
자바스서치주식회사,DevOps,25/12/04
자바스서치주식회사,모바일APP,25/12/04
(주)스카우트파트너스,PostgreSQL,25/11/28
(주)스카우트파트너스,Python,25/11/28
(주)스카우트파트너스,Pytorch,25/11/28
(주)스카우트파트너스,HTML5,25/11/28
(주)스카우트파트너스,CSS3,25/11/28
유비스코리아,Git,25/11/26
유비스코리아,DevOps,25/11/26
유비스코리아,아키텍쳐,25/11/26
유비스코리아,수입유통,25/11/26
(주)제이캐스팅,웹마스터,25/11/27
(주)제이캐스팅,PostgreSQL,25/11/27
(주)제이캐스팅,SpringBoot,25/11/27
(주)제이캐스팅,ETL,25/11/27
(주)제이캐스팅,HTTP,25/11/27
(주)제이캐스팅,보안솔루션영업,25/12/08
(주)제이캐스팅,VMware,25/12/08
(주)제이캐스팅,기술영업,25/12/08
(주)제이캐스팅,IaaS,25/12/08
(주)제이캐스팅,PaaS,25/12/08
(주)백그라운드,GCP,25/12/10
(주)백그라운드,DBMS,25/12/10
(주)백그라운드,Kubernetes,25/12/10
(주)백그라운드,DevOps,25/12/10
(주)백그라운드,클라우드,25/12/10
한스컨설팅,DevOps,25/12/07
한스컨설팅,클라우드,25/12/07
한스컨설팅,Java,25/12/07
한스컨설팅,MySQL,25/12/07
한스컨설팅,Docker,25/12/07
한스컨설팅,RestAPI,25/12/07
한스컨설팅,API,25/12/07
한스컨설팅,RDBMS,25/12/07
한스컨설팅,OracleDB,25/12/07
한스컨설팅,SI개발,25/12/07
굿커리어,웹마스터,25/12/06
굿커리어,풀스택,25/12/06
굿커리어,ABAP,25/12/06
굿커리어,HTTP,25/12/06
굿커리어,CSS3,25/12/06
한스컨설팅,IaaS,25/12/07
한스컨설팅,Kubernetes,25/12/07
한스컨설팅,DevOps,25/12/07
한스컨설팅,클라우드,25/12/07
한스컨설팅,MySQL,25/12/07
한스컨설팅,Redis,25/12/07
한스컨설팅,RDBMS,25/12/07
한스컨설팅,MongoDB,25/12/07
한스컨설팅,SI개발,25/12/07
한스컨설팅,DevOps,25/12/07
한스컨설팅,IDC,25/12/07
한스컨설팅,Kubernetes,25/12/07
한스컨설팅,DevOps,25/12/07
한스컨설팅,AWS,25/12/07
한스컨설팅,클라우드,25/12/07
한스컨설팅,모델링,25/12/07
한스컨설팅,RTOS,25/12/07
한스컨설팅,SI개발,25/12/07
한스컨설팅,DevOps,25/12/07
한스컨설팅,클라우드,25/12/07
SMI,DevOps,25/12/01
SMI,AWS,25/12/01
SMI,Docker,25/12/01
SMI,헤드헌팅,25/12/01
(주)비비파트너스,유지보수,25/12/04
(주)비비파트너스,풀스택,25/12/04
(주)비비파트너스,H/W,25/12/04
(주)비비파트너스,취약점진단,25/12/04
(주)비비파트너스,IoT,25/12/04
(주)비비파트너스,풀스택,25/12/04
(주)비비파트너스,React,25/12/04
(주)비비파트너스,반응형웹,25/12/04
(주)비비파트너스,클라우드,25/12/04
(주)비비파트너스,개발PM,25/12/04
(주)비비파트너스,유지보수,25/12/04
(주)비비파트너스,풀스택,25/12/04
(주)비비파트너스,Android,25/12/04
(주)비비파트너스,HTML5,25/12/04
(주)비비파트너스,React,25/12/04
주식회사맨파워써치,Python,25/11/30
주식회사맨파워써치,SE(시스템엔지니어),25/11/30
주식회사맨파워써치,임베디드리눅스,25/11/30
주식회사맨파워써치,SI개발,25/11/30
주식회사맨파워써치,미들웨어,25/11/30
(주)하이스트컨설팅그룹,DevOps,25/12/08
(주)하이스트컨설팅그룹,Docker,25/12/08
(주)하이스트컨설팅그룹,Node.js,25/12/08
(주)하이스트컨설팅그룹,가격비교,25/12/08
(주)비비파트너스,유지보수,25/11/29
(주)비비파트너스,Spring,25/11/29
(주)비비파트너스,서비스기획,25/11/29
(주)비비파트너스,iBATIS,25/11/29
(주)비비파트너스,React,25/11/29
(주) 케이와이씨지(KYCG),DevOps,25/12/02
(주) 케이와이씨지(KYCG),의료기기,25/12/02
로버트월터스코리아(주),백엔드/서버개발,25/12/02
로버트월터스코리아(주),엔터테인먼트,25/12/02
리쿠르트퍼스트코리아,SE(시스템엔지니어),25/12/08
리쿠르트퍼스트코리아,Kubernetes,25/12/08
리쿠르트퍼스트코리아,DevOps,25/12/08
리쿠르트퍼스트코리아,AWS,25/12/08
리쿠르트퍼스트코리아,클라우드,25/12/08
HR Tube,신사업발굴,25/12/04
HR Tube,클라우드,25/12/04
HR Tube,소프트웨어개발,25/12/04
리앤파트너스서울,Kubernetes,25/12/10
리앤파트너스서울,DevOps,25/12/10
리앤파트너스서울,클라우드,25/12/10
리앤파트너스서울,크로스플랫폼,25/12/10
리앤파트너스서울,아키텍쳐,25/12/10
휴먼인써치,Kubernetes,25/12/08
휴먼인써치,DevOps,25/12/08
휴먼인써치,AWS,25/12/08
휴먼인써치,클라우드,25/12/08
휴먼인써치,Docker,25/12/08
디퍼런트에이치알,DevOps,25/12/04
디퍼런트에이치알,전자,25/12/04
(주)마이나비코리아,SE(시스템엔지니어),25/12/10
(주)마이나비코리아,SI개발,25/12/10
(주)마이나비코리아,AI(인공지능),25/12/10
(주)마이나비코리아,헤드헌팅,25/12/10
(주)에이스파트너스서치펌,SE(시스템엔지니어),25/12/04
(주)에이스파트너스서치펌,게임,25/12/04
HR컨설팅(주),AI(인공지능),25/12/04
HR컨설팅(주),소프트웨어개발,25/12/04
굿커리어,헬스케어,25/12/09
굿커리어,정보통신,25/12/09
굿커리어,VMware,25/12/09
굿커리어,모델링,25/12/09
굿커리어,컴퓨터비전,25/12/09
굿커리어,풀스택,25/12/10
굿커리어,Dapp,25/12/10
굿커리어,ASP,25/12/10
굿커리어,클라이언트,25/12/10
굿커리어,클라우드,25/12/10
주식회사시미바에치알,IT컨설팅,25/11/27
주식회사시미바에치알,의약·제약,25/11/27
파워에이치알,AI(인공지능),25/12/10
파워에이치알,NLP(자연어처리),25/12/10
파워에이치알,API,25/12/10
파워에이치알,RPA,25/12/10
파워에이치알,SE(시스템엔지니어),25/12/10
주식회사맨파워써치,유지보수,25/11/30
주식회사맨파워써치,Spring,25/11/30
주식회사맨파워써치,Pro-C,25/11/30
주식회사맨파워써치,SQL,25/11/30
주식회사맨파워써치,Struts,25/11/30
파워에이치알,아키텍쳐,25/12/10
파워에이치알,AI(인공지능),25/12/10
파워에이치알,SE(시스템엔지니어),25/12/10
파워에이치알,GCP,25/12/10
파워에이치알,Kubernetes,25/12/10
주식회사 핀커스에이치알지,클라우드,25/12/03
주식회사 핀커스에이치알지,정보보안,25/12/03
주식회사 핀커스에이치알지,프론트엔드,25/12/03
주식회사 핀커스에이치알지,백엔드/서버개발,25/12/03
주식회사 핀커스에이치알지,웹개발,25/12/03
라인서치,ASIC,25/12/10
라인서치,반도체,25/12/10
라인서치,VHDL,25/12/10
라인서치,Verilog,25/12/10
라인서치,FPGA,25/12/10
터닝포인트HR,유지보수,25/11/28
터닝포인트HR,VMware,25/11/28
터닝포인트HR,IT영업,25/11/28
터닝포인트HR,SI영업,25/11/28
터닝포인트HR,영업,25/11/28
(주)백그라운드,Keras,25/12/10
(주)백그라운드,Tensorflow,25/12/10
(주)백그라운드,개발PM,25/12/10
(주)백그라운드,딥러닝,25/12/10
(주)백그라운드,머신러닝,25/12/10
주) 석세스코리아컨설팅,백엔드/서버개발,25/11/29
주) 석세스코리아컨설팅,인터넷금융,25/11/29
(주)백그라운드,개발PM,25/12/10
(주)백그라운드,물류업,25/12/10
리뉴피플 주식회사,Java,25/12/10
리뉴피플 주식회사,아키텍쳐,25/12/10
리뉴피플 주식회사,백엔드개발,25/12/10
리뉴피플 주식회사,모바일APP,25/12/10
커리어커넥트(주),모의해킹,25/12/10
커리어커넥트(주),보안관제,25/12/10
커리어커넥트(주),ISMS,25/12/10
커리어커넥트(주),정보보안,25/12/10
커리어커넥트(주),아키텍쳐,25/12/10
(주)리앤파트너,PostgreSQL,25/12/08
(주)리앤파트너,DBA,25/12/08
(주)리앤파트너,소프트웨어개발,25/12/08
(주)리앤파트너,CTO,25/11/26
(주)리앤파트너,개발PM,25/11/26
(주)리앤파트너,백엔드/서버개발,25/11/26
(주)리앤파트너,개발총괄,25/11/26
(주)리앤파트너,헤드헌팅,25/11/26
HR컨설팅(주),IT영업,25/11/30
HR컨설팅(주),SI영업,25/11/30
HR컨설팅(주),기술영업,25/11/30
HR컨설팅(주),솔루션기술영업,25/11/30
HR컨설팅(주),프리세일즈,25/11/30
(주)에이치알비즈코리아,Confluence,25/12/10
(주)에이치알비즈코리아,협업도구운영,25/12/10
(주)에이치알비즈코리아,MS협업도구운영,25/12/10
(주)에이치알비즈코리아,Jira,25/12/10
(주)에이치알비즈코리아,헤드헌팅,25/12/10
(주)에이치알비즈코리아,Confluence,25/12/10
(주)에이치알비즈코리아,협업도구운영,25/12/10
(주)에이치알비즈코리아,MS협업도구운영,25/12/10
(주)에이치알비즈코리아,Jira,25/12/10
(주)에이치알비즈코리아,헤드헌팅,25/12/10
에이치알포유(주),취약점진단,25/12/09
에이치알포유(주),보안관제,25/12/09
에이치알포유(주),인프라,25/12/09
에이치알포유(주),PMO,25/12/09
에이치알포유(주),솔루션,25/12/09
(주) 케이와이씨지(KYCG),개발PM,25/12/05
(주) 케이와이씨지(KYCG),블록체인,25/12/05
(주) 케이와이씨지(KYCG),스마트컨트랙트,25/12/05
(주) 케이와이씨지(KYCG),프론트엔드,25/12/05
(주) 케이와이씨지(KYCG),암호화폐,25/12/05
반석써치(주),웹개발,25/12/07
반석써치(주),기계,25/12/07
에이피써치,백엔드/서버개발,25/11/26
에이피써치,소프트웨어개발,25/11/26
SMI,Node.js,25/12/07
SMI,NoSQL,25/12/07
SMI,풀스택,25/12/07
SMI,백엔드/서버개발,25/12/07
SMI,헤드헌팅,25/12/07
(주)HR컨설팅그룹,MES,25/12/10
(주)HR컨설팅그룹,스마트팩토리,25/12/10
(주)HR컨설팅그룹,프론트엔드,25/12/10
(주)HR컨설팅그룹,백엔드/서버개발,25/12/10
(주)HR컨설팅그룹,SM,25/12/10
(주) 케인앤클루컨설팅,AI(인공지능),25/12/08
(주) 케인앤클루컨설팅,IT컨설팅,25/12/08
(주) 케인앤클루컨설팅,IT컨설팅,25/12/08
휴먼인써치,AWS,25/12/08
휴먼인써치,헤드헌팅,25/12/08
더 써치,백엔드/서버개발,25/12/06
더 써치,솔루션업체,25/12/06
HR컨설팅(주),IT영업,25/12/06
HR컨설팅(주),SI영업,25/12/06
HR컨설팅(주),기술영업,25/12/06
HR컨설팅(주),솔루션기술영업,25/12/06
HR컨설팅(주),프리세일즈,25/12/06
